term_code,subject_code,course_code,class_name,course_title,academic_level,section_id,section_ref,section_code,instruction_type_name,instructors_text,seats_available,waitlist_available,meeting_kind,day_code,day_name,specific_date,start_time_display,end_time_display,building_code,room_code,is_remote,is_tba
FA26,CHEM,040A,CHEM 040A,Organic Chem for Life Sci I,LD,E 00003942,FA26:E 00003942,001-001-DI,discussion,Valerie Schmidt,34,,class,M,Monday,,1:00pm,1:50pm,WLH,WLH 2208,0,0
FA26,CHEM,040A,CHEM 040A,Organic Chem for Life Sci I,LD,E 00003943,FA26:E 00003943,001-002-DI,discussion,Valerie Schmidt,34,,class,F,Friday,,1:00pm,1:50pm,WLH,WLH 2208,0,0
FA26,CHEM,040A,CHEM 040A,Organic Chem for Life Sci I,LD,E 00003944,FA26:E 00003944,001-003-DI,discussion,Valerie Schmidt,34,,class,F,Friday,,2:00pm,2:50pm,WLH,WLH 2208,0,0
FA26,CHEM,040A,CHEM 040A,Organic Chem for Life Sci I,LD,E 00003945,FA26:E 00003945,001-004-DI,discussion,Valerie Schmidt,34,,class,M,Monday,,3:00pm,3:50pm,WLH,WLH 2208,0,0
FA26,CHEM,040A,CHEM 040A,Organic Chem for Life Sci I,LD,E 00003946,FA26:E 00003946,001-005-DI,discussion,Valerie Schmidt,34,,class,F,Friday,,3:00pm,3:50pm,WLH,WLH 2208,0,0
FA26,CHEM,040A,CHEM 040A,Organic Chem for Life Sci I,LD,E 00003947,FA26:E 00003947,001-006-DI,discussion,Valerie Schmidt,34,,class,M,Monday,,10:00am,10:50am,WLH,WLH 2112,0,0
FA26,CHEM,040A,CHEM 040A,Organic Chem for Life Sci I,LD,E 00003948,FA26:E 00003948,001-007-DI,discussion,Valerie Schmidt,34,,class,W,Wednesday,,10:00am,10:50am,WLH,WLH 2112,0,0
FA26,CHEM,040A,CHEM 040A,Organic Chem for Life Sci I,LD,E 00003949,FA26:E 00003949,001-008-DI,discussion,Valerie Schmidt,34,,class,F,Friday,,10:00am,10:50am,WLH,WLH 2112,0,0
FA26,CHEM,040A,CHEM 040A,Organic Chem for Life Sci I,LD,E 00001066,FA26:E 00001066,002-000-LE,lecture,Jerry Yang,272,,class,R,Thursday,,11:00am,12:20pm,PETER,PETER 110,0,0
FA26,CHEM,040A,CHEM 040A,Organic Chem for Life Sci I,LD,E 00001066,FA26:E 00001066,002-000-LE,lecture,Jerry Yang,272,,class,T,Tuesday,,11:00am,12:20pm,PETER,PETER 110,0,0
FA26,CHEM,040A,CHEM 040A,Organic Chem for Life Sci I,LD,E 00001066,FA26:E 00001066,002-000-LE,lecture,Jerry Yang,272,,final,W,Wednesday,2026-12-09,11:30am,2:29pm,PETER,PETER 110,0,0
FA26,CHEM,040A,CHEM 040A,Organic Chem for Life Sci I,LD,E 00003950,FA26:E 00003950,002-001-DI,discussion,Jerry Yang,34,,class,M,Monday,,3:00pm,3:50pm,WLH,WLH 2113,0,0
FA26,CHEM,040A,CHEM 040A,Organic Chem for Life Sci I,LD,E 00003951,FA26:E 00003951,002-002-DI,discussion,Jerry Yang,34,,class,W,Wednesday,,3:00pm,3:50pm,WLH,WLH 2113,0,0
FA26,CHEM,040A,CHEM 040A,Organic Chem for Life Sci I,LD,E 00003952,FA26:E 00003952,002-003-DI,discussion,Jerry Yang,34,,class,F,Friday,,3:00pm,3:50pm,WLH,WLH 2113,0,0
FA26,CHEM,040A,CHEM 040A,Organic Chem for Life Sci I,LD,E 00003953,FA26:E 00003953,002-004-DI,discussion,Jerry Yang,34,,class,M,Monday,,4:00pm,4:50pm,WLH,WLH 2208,0,0
FA26,CHEM,040A,CHEM 040A,Organic Chem for Life Sci I,LD,E 00003954,FA26:E 00003954,002-005-DI,discussion,Jerry Yang,34,,class,W,Wednesday,,4:00pm,4:50pm,WLH,WLH 2208,0,0
FA26,CHEM,040A,CHEM 040A,Organic Chem for Life Sci I,LD,E 00003955,FA26:E 00003955,002-006-DI,discussion,Jerry Yang,34,,class,F,Friday,,4:00pm,4:50pm,WLH,WLH 2208,0,0
FA26,CHEM,040A,CHEM 040A,Organic Chem for Life Sci I,LD,E 00003956,FA26:E 00003956,002-007-DI,discussion,Jerry Yang,34,,class,M,Monday,,1:00pm,1:50pm,WLH,WLH 2115,0,0
FA26,CHEM,040A,CHEM 040A,Organic Chem for Life Sci I,LD,E 00003957,FA26:E 00003957,002-008-DI,discussion,Jerry Yang,34,,class,W,Wednesday,,1:00pm,1:50pm,WLH,WLH 2115,0,0
FA26,CHEM,040A,CHEM 040A,Organic Chem for Life Sci I,LD,E 00001067,FA26:E 00001067,003-000-LE,lecture,Jeremy Klosterman,272,,class,R,Thursday,,12:30pm,1:50pm,YORK,YORK 2722,0,0
FA26,CHEM,040A,CHEM 040A,Organic Chem for Life Sci I,LD,E 00001067,FA26:E 00001067,003-000-LE,lecture,Jeremy Klosterman,272,,class,T,Tuesday,,12:30pm,1:50pm,YORK,YORK 2722,0,0
FA26,CHEM,040A,CHEM 040A,Organic Chem for Life Sci I,LD,E 00001067,FA26:E 00001067,003-000-LE,lecture,Jeremy Klosterman,272,,midterm,M,Monday,2026-10-19,7:00pm,8:50pm,CTL,CTL 0125,0,0
FA26,CHEM,040A,CHEM 040A,Organic Chem for Life Sci I,LD,E 00001067,FA26:E 00001067,003-000-LE,lecture,Jeremy Klosterman,272,,midterm,M,Monday,2026-11-16,7:00pm,8:50pm,CTL,CTL 0125,0,0
FA26,CHEM,040A,CHEM 040A,Organic Chem for Life Sci I,LD,E 00001067,FA26:E 00001067,003-000-LE,lecture,Jeremy Klosterman,272,,final,F,Friday,2026-12-11,11:30am,2:29pm,YORK,YORK 2722,0,0
FA26,CHEM,040A,CHEM 040A,Organic Chem for Life Sci I,LD,E 00002490,FA26:E 00002490,003-001-DI,discussion,Jeremy Klosterman,34,,class,W,Wednesday,,8:00am,8:50am,HSS,HSS 1128A,0,0
FA26,CHEM,040A,CHEM 040A,Organic Chem for Life Sci I,LD,E 00002508,FA26:E 00002508,003-002-DI,discussion,Jeremy Klosterman,34,,class,W,Wednesday,,9:00am,9:50am,HSS,HSS 1128A,0,0
FA26,CHEM,040A,CHEM 040A,Organic Chem for Life Sci I,LD,E 00002509,FA26:E 00002509,003-003-DI,discussion,Jeremy Klosterman,34,,class,W,Wednesday,,10:00am,10:50am,HSS,HSS 1128A,0,0
FA26,CHEM,040A,CHEM 040A,Organic Chem for Life Sci I,LD,E 00002510,FA26:E 00002510,003-004-DI,discussion,Jeremy Klosterman,34,,class,W,Wednesday,,11:00am,11:50am,HSS,HSS 1128A,0,0
FA26,CHEM,040A,CHEM 040A,Organic Chem for Life Sci I,LD,E 00002511,FA26:E 00002511,003-005-DI,discussion,Jeremy Klosterman,34,,class,W,Wednesday,,12:00pm,12:50pm,HSS,HSS 1128A,0,0
FA26,CHEM,040A,CHEM 040A,Organic Chem for Life Sci I,LD,E 00002512,FA26:E 00002512,003-006-DI,discussion,Jeremy Klosterman,34,,class,W,Wednesday,,1:00pm,1:50pm,HSS,HSS 1128A,0,0
FA26,CHEM,040A,CHEM 040A,Organic Chem for Life Sci I,LD,E 00002513,FA26:E 00002513,003-007-DI,discussion,Jeremy Klosterman,34,,class,W,Wednesday,,2:00pm,2:50pm,HSS,HSS 1128A,0,0
FA26,CHEM,040A,CHEM 040A,Organic Chem for Life Sci I,LD,E 00002514,FA26:E 00002514,003-008-DI,discussion,Jeremy Klosterman,34,,class,W,Wednesday,,3:00pm,3:50pm,HSS,HSS 1128A,0,0
FA26,CHEM,040A,CHEM 040A,Organic Chem for Life Sci I,LD,E 00001068,FA26:E 00001068,004-000-LE,lecture,Kim Albizati,272,,class,F,Friday,,5:00pm,5:50pm,YORK,YORK 2722,0,0
FA26,CHEM,040A,CHEM 040A,Organic Chem for Life Sci I,LD,E 00001068,FA26:E 00001068,004-000-LE,lecture,Kim Albizati,272,,class,M,Monday,,5:00pm,5:50pm,YORK,YORK 2722,0,0
FA26,CHEM,040A,CHEM 040A,Organic Chem for Life Sci I,LD,E 00001068,FA26:E 00001068,004-000-LE,lecture,Kim Albizati,272,,class,W,Wednesday,,5:00pm,5:50pm,YORK,YORK 2722,0,0
FA26,CHEM,040A,CHEM 040A,Organic Chem for Life Sci I,LD,E 00001068,FA26:E 00001068,004-000-LE,lecture,Kim Albizati,272,,midterm,S,Saturday,2026-10-24,9:00am,10:50am,YORK,YORK 2722,0,0
FA26,CHEM,040A,CHEM 040A,Organic Chem for Life Sci I,LD,E 00001068,FA26:E 00001068,004-000-LE,lecture,Kim Albizati,272,,midterm,S,Saturday,2026-11-21,9:00am,10:50am,YORK,YORK 2722,0,0
FA26,CHEM,040A,CHEM 040A,Organic Chem for Life Sci I,LD,E 00001068,FA26:E 00001068,004-000-LE,lecture,Kim Albizati,272,,final,R,Thursday,2026-12-10,7:00pm,9:59pm,YORK,YORK 2722,0,0
FA26,CHEM,040A,CHEM 040A,Organic Chem for Life Sci I,LD,E 00003958,FA26:E 00003958,004-001-DI,discussion,Kim Albizati,34,,class,M,Monday,,9:00am,9:50am,WLH,WLH 2208,0,0
FA26,CHEM,040A,CHEM 040A,Organic Chem for Life Sci I,LD,E 00003959,FA26:E 00003959,004-002-DI,discussion,Kim Albizati,34,,class,W,Wednesday,,9:00am,9:50am,WLH,WLH 2208,0,0
FA26,CHEM,040A,CHEM 040A,Organic Chem for Life Sci I,LD,E 00003960,FA26:E 00003960,004-003-DI,discussion,Kim Albizati,34,,class,F,Friday,,9:00am,9:50am,WLH,WLH 2208,0,0
FA26,CHEM,040A,CHEM 040A,Organic Chem for Life Sci I,LD,E 00003961,FA26:E 00003961,004-004-DI,discussion,Kim Albizati,34,,class,M,Monday,,3:00pm,3:50pm,WLH,WLH 2115,0,0
FA26,CHEM,040A,CHEM 040A,Organic Chem for Life Sci I,LD,E 00003962,FA26:E 00003962,004-005-DI,discussion,Kim Albizati,34,,class,W,Wednesday,,3:00pm,3:50pm,WLH,WLH 2115,0,0
FA26,CHEM,040A,CHEM 040A,Organic Chem for Life Sci I,LD,E 00003963,FA26:E 00003963,004-006-DI,discussion,Kim Albizati,34,,class,F,Friday,,3:00pm,3:50pm,WLH,WLH 2115,0,0
FA26,CHEM,040A,CHEM 040A,Organic Chem for Life Sci I,LD,E 00003964,FA26:E 00003964,004-007-DI,discussion,Kim Albizati,34,,class,M,Monday,,11:00am,11:50am,WLH,WLH 2115,0,0
FA26,CHEM,040A,CHEM 040A,Organic Chem for Life Sci I,LD,E 00003965,FA26:E 00003965,004-008-DI,discussion,Kim Albizati,34,,class,W,Wednesday,,11:00am,11:50am,WLH,WLH 2115,0,0
FA26,CHEM,040B,CHEM 040B,Organic Chem for Life Sci II,LD,E 00001069,FA26:E 00001069,001-000-LE,lecture,Michael Burkart,340,,class,R,Thursday,,8:00am,9:20am,GH,GH 242,0,0
FA26,CHEM,040B,CHEM 040B,Organic Chem for Life Sci II,LD,E 00001069,FA26:E 00001069,001-000-LE,lecture,Michael Burkart,340,,class,T,Tuesday,,8:00am,9:20am,GH,GH 242,0,0
FA26,CHEM,040B,CHEM 040B,Organic Chem for Life Sci II,LD,E 00001069,FA26:E 00001069,001-000-LE,lecture,Michael Burkart,340,,midterm,R,Thursday,2026-10-22,8:00pm,9:50pm,PETER,PETER 108,0,0
FA26,CHEM,040B,CHEM 040B,Organic Chem for Life Sci II,LD,E 00001069,FA26:E 00001069,001-000-LE,lecture,Michael Burkart,340,,midterm,R,Thursday,2026-11-19,8:00pm,9:50pm,PETER,PETER 108,0,0
FA26,CHEM,040B,CHEM 040B,Organic Chem for Life Sci II,LD,E 00001069,FA26:E 00001069,001-000-LE,lecture,Michael Burkart,340,,final,T,Tuesday,2026-12-08,8:00am,10:59am,GH,GH 242,0,0
FA26,CHEM,040B,CHEM 040B,Organic Chem for Life Sci II,LD,E 00003966,FA26:E 00003966,001-001-DI,discussion,Michael Burkart,34,,class,F,Friday,,11:00am,11:50am,WLH,WLH 2115,0,0
FA26,CHEM,040B,CHEM 040B,Organic Chem for Life Sci II,LD,E 00003967,FA26:E 00003967,001-002-DI,discussion,Michael Burkart,34,,class,F,Friday,,1:00pm,1:50pm,WLH,WLH 2115,0,0
FA26,CHEM,040B,CHEM 040B,Organic Chem for Life Sci II,LD,E 00003968,FA26:E 00003968,001-003-DI,discussion,Michael Burkart,34,,class,M,Monday,,4:00pm,4:50pm,WLH,WLH 2113,0,0
FA26,CHEM,040B,CHEM 040B,Organic Chem for Life Sci II,LD,E 00003969,FA26:E 00003969,001-004-DI,discussion,Michael Burkart,34,,class,W,Wednesday,,4:00pm,4:50pm,WLH,WLH 2113,0,0
FA26,CHEM,040B,CHEM 040B,Organic Chem for Life Sci II,LD,E 00003970,FA26:E 00003970,001-005-DI,discussion,Michael Burkart,34,,class,F,Friday,,4:00pm,4:50pm,WLH,WLH 2113,0,0
FA26,CHEM,040B,CHEM 040B,Organic Chem for Life Sci II,LD,E 00003971,FA26:E 00003971,001-006-DI,discussion,Michael Burkart,34,,class,M,Monday,,9:00am,9:50am,WLH,WLH 2115,0,0
FA26,CHEM,040B,CHEM 040B,Organic Chem for Life Sci II,LD,E 00003972,FA26:E 00003972,001-007-DI,discussion,Michael Burkart,34,,class,W,Wednesday,,9:00am,9:50am,WLH,WLH 2115,0,0
FA26,CHEM,040B,CHEM 040B,Organic Chem for Life Sci II,LD,E 00003973,FA26:E 00003973,001-008-DI,discussion,Michael Burkart,34,,class,F,Friday,,9:00am,9:50am,WLH,WLH 2115,0,0
FA26,CHEM,040B,CHEM 040B,Organic Chem for Life Sci II,LD,E 00003974,FA26:E 00003974,001-009-DI,discussion,Michael Burkart,34,,class,M,Monday,,10:00am,10:50am,WLH,WLH 2208,0,0
FA26,CHEM,040B,CHEM 040B,Organic Chem for Life Sci II,LD,E 00003975,FA26:E 00003975,001-010-DI,discussion,Michael Burkart,34,,class,W,Wednesday,,10:00am,10:50am,WLH,WLH 2208,0,0
FA26,CHEM,041A,CHEM 041A,Organic I: Struct & React,LD,E 00001071,FA26:E 00001071,001-000-LE,lecture,Joseph O'Connor,324,,class,R,Thursday,,5:00pm,6:20pm,GH,GH 242,0,0
FA26,CHEM,041A,CHEM 041A,Organic I: Struct & React,LD,E 00001071,FA26:E 00001071,001-000-LE,lecture,Joseph O'Connor,324,,class,T,Tuesday,,5:00pm,6:20pm,GH,GH 242,0,0
FA26,CHEM,041A,CHEM 041A,Organic I: Struct & React,LD,E 00001071,FA26:E 00001071,001-000-LE,lecture,Joseph O'Connor,324,,midterm,M,Monday,2026-10-19,7:00pm,8:50pm,PETER,PETER 108,0,0
FA26,CHEM,041A,CHEM 041A,Organic I: Struct & React,LD,E 00001071,FA26:E 00001071,001-000-LE,lecture,Joseph O'Connor,324,,midterm,M,Monday,2026-11-16,7:00pm,8:50pm,PETER,PETER 108,0,0
FA26,CHEM,041A,CHEM 041A,Organic I: Struct & React,LD,E 00001071,FA26:E 00001071,001-000-LE,lecture,Joseph O'Connor,324,,final,F,Friday,2026-12-11,7:00pm,9:59pm,GH,GH 242,0,0
FA26,CHEM,041A,CHEM 041A,Organic I: Struct & React,LD,E 00004007,FA26:E 00004007,001-001-DI,discussion,Joseph O'Connor,36,,class,M,Monday,,9:00am,9:50am,PODEM,PODEM 1A22,0,0
FA26,CHEM,041A,CHEM 041A,Organic I: Struct & React,LD,E 00004008,FA26:E 00004008,001-002-DI,discussion,Joseph O'Connor,36,,class,M,Monday,,10:00am,10:50am,PODEM,PODEM 1A22,0,0
FA26,CHEM,041A,CHEM 041A,Organic I: Struct & React,LD,E 00004009,FA26:E 00004009,001-003-DI,discussion,Joseph O'Connor,36,,class,M,Monday,,2:00pm,2:50pm,HSS,HSS 1128A,0,0
FA26,CHEM,041A,CHEM 041A,Organic I: Struct & React,LD,E 00004010,FA26:E 00004010,001-004-DI,discussion,Joseph O'Connor,36,,class,T,Tuesday,,12:00pm,12:50pm,HSS,HSS 1128A,0,0
FA26,CHEM,041A,CHEM 041A,Organic I: Struct & React,LD,E 00004011,FA26:E 00004011,001-005-DI,discussion,Joseph O'Connor,36,,class,T,Tuesday,,5:00pm,5:50pm,WLH,WLH 2114,0,0
FA26,CHEM,041A,CHEM 041A,Organic I: Struct & React,LD,E 00004012,FA26:E 00004012,001-006-DI,discussion,Joseph O'Connor,36,,class,F,Friday,,8:00am,8:50am,WLH,WLH 2208,0,0
FA26,CHEM,041A,CHEM 041A,Organic I: Struct & React,LD,E 00004013,FA26:E 00004013,001-007-DI,discussion,Joseph O'Connor,36,,class,F,Friday,,10:00am,10:50am,WLH,WLH 2208,0,0
FA26,CHEM,041A,CHEM 041A,Organic I: Struct & React,LD,E 00004014,FA26:E 00004014,001-008-DI,discussion,Joseph O'Connor,36,,class,F,Friday,,1:00pm,1:50pm,SOLIS,SOLIS 111,0,0
FA26,CHEM,041A,CHEM 041A,Organic I: Struct & React,LD,E 00004015,FA26:E 00004015,001-009-DI,discussion,Joseph O'Connor,36,,class,F,Friday,,2:00pm,2:50pm,SOLIS,SOLIS 111,0,0
FA26,CHEM,041C,CHEM 041C,Organic III: SynthReact&Macro,LD,E 00001072,FA26:E 00001072,001-000-LE,lecture,Yitzhak Tor,120,,class,R,Thursday,,5:00pm,6:20pm,COA,COA 130,0,0
FA26,CHEM,041C,CHEM 041C,Organic III: SynthReact&Macro,LD,E 00001072,FA26:E 00001072,001-000-LE,lecture,Yitzhak Tor,120,,class,T,Tuesday,,5:00pm,6:20pm,COA,COA 130,0,0
FA26,CHEM,041C,CHEM 041C,Organic III: SynthReact&Macro,LD,E 00001072,FA26:E 00001072,001-000-LE,lecture,Yitzhak Tor,120,,final,F,Friday,2026-12-11,7:00pm,9:59pm,COA,COA 130,0,0
FA26,CHEM,041C,CHEM 041C,Organic III: SynthReact&Macro,LD,E 00002485,FA26:E 00002485,001-001-DI,discussion,Yitzhak Tor,40,,class,M,Monday,,12:00pm,12:50pm,WLH,WLH 2209,0,0
FA26,CHEM,041C,CHEM 041C,Organic III: SynthReact&Macro,LD,E 00002486,FA26:E 00002486,001-002-DI,discussion,Yitzhak Tor,40,,class,M,Monday,,1:00pm,1:50pm,WLH,WLH 2209,0,0
FA26,CHEM,041C,CHEM 041C,Organic III: SynthReact&Macro,LD,E 00002487,FA26:E 00002487,001-003-DI,discussion,Yitzhak Tor,40,,class,M,Monday,,2:00pm,2:50pm,WLH,WLH 2209,0,0
FA26,CHEM,043A,CHEM 043A,Organic Chemistry Laboratory,LD,E 00001073,FA26:E 00001073,001-000-LE,lecture,Joshua Figueroa,161,,class,F,Friday,,9:00am,9:50am,YORK,YORK 2622,0,0
FA26,CHEM,043A,CHEM 043A,Organic Chemistry Laboratory,LD,E 00001073,FA26:E 00001073,001-000-LE,lecture,Joshua Figueroa,161,,midterm,S,Saturday,2026-10-31,10:00am,11:50am,YORK,YORK 2622,0,0
FA26,CHEM,043A,CHEM 043A,Organic Chemistry Laboratory,LD,E 00001073,FA26:E 00001073,001-000-LE,lecture,Joshua Figueroa,161,,final,S,Saturday,2026-12-05,11:30am,2:29pm,YORK,YORK 2622,0,0
FA26,CHEM,043A,CHEM 043A,Organic Chemistry Laboratory,LD,E 00002670,FA26:E 00002670,001-001-LA,lab,Joshua Figueroa,23,,class,M,Monday,,9:00am,11:50am,YORK,YORK 3108,0,0
FA26,CHEM,043A,CHEM 043A,Organic Chemistry Laboratory,LD,E 00002670,FA26:E 00002670,001-001-LA,lab,Joshua Figueroa,23,,class,W,Wednesday,,9:00am,11:50am,YORK,YORK 3108,0,0
FA26,CHEM,043A,CHEM 043A,Organic Chemistry Laboratory,LD,EL00002334,FA26:EL00002334,001-001-OT,ot,Joshua Figueroa,161,,class,,,,tba,tba,tba,tba,0,1
FA26,CHEM,043A,CHEM 043A,Organic Chemistry Laboratory,LD,E 00002671,FA26:E 00002671,001-002-LA,lab,Joshua Figueroa,23,,class,M,Monday,,9:00am,11:50am,YORK,YORK 3208,0,0
FA26,CHEM,043A,CHEM 043A,Organic Chemistry Laboratory,LD,E 00002671,FA26:E 00002671,001-002-LA,lab,Joshua Figueroa,23,,class,W,Wednesday,,9:00am,11:50am,YORK,YORK 3208,0,0
FA26,CHEM,043A,CHEM 043A,Organic Chemistry Laboratory,LD,E 00002672,FA26:E 00002672,001-003-LA,lab,Joshua Figueroa,23,,class,M,Monday,,9:00am,11:50am,YORK,YORK 3224,0,0
FA26,CHEM,043A,CHEM 043A,Organic Chemistry Laboratory,LD,E 00002672,FA26:E 00002672,001-003-LA,lab,Joshua Figueroa,23,,class,W,Wednesday,,9:00am,11:50am,YORK,YORK 3224,0,0
FA26,CHEM,043A,CHEM 043A,Organic Chemistry Laboratory,LD,E 00002673,FA26:E 00002673,001-004-LA,lab,Joshua Figueroa,23,,class,M,Monday,,9:00am,11:50am,YORK,YORK 4208,0,0
FA26,CHEM,043A,CHEM 043A,Organic Chemistry Laboratory,LD,E 00002673,FA26:E 00002673,001-004-LA,lab,Joshua Figueroa,23,,class,W,Wednesday,,9:00am,11:50am,YORK,YORK 4208,0,0
FA26,CHEM,043A,CHEM 043A,Organic Chemistry Laboratory,LD,E 00002674,FA26:E 00002674,001-005-LA,lab,Joshua Figueroa,23,,class,M,Monday,,1:00pm,3:50pm,YORK,YORK 3108,0,0
FA26,CHEM,043A,CHEM 043A,Organic Chemistry Laboratory,LD,E 00002674,FA26:E 00002674,001-005-LA,lab,Joshua Figueroa,23,,class,W,Wednesday,,1:00pm,3:50pm,YORK,YORK 3108,0,0
FA26,CHEM,043A,CHEM 043A,Organic Chemistry Laboratory,LD,E 00002675,FA26:E 00002675,001-006-LA,lab,Joshua Figueroa,23,,class,M,Monday,,1:00pm,3:50pm,YORK,YORK 3208,0,0
FA26,CHEM,043A,CHEM 043A,Organic Chemistry Laboratory,LD,E 00002675,FA26:E 00002675,001-006-LA,lab,Joshua Figueroa,23,,class,W,Wednesday,,1:00pm,3:50pm,YORK,YORK 3208,0,0
FA26,CHEM,043A,CHEM 043A,Organic Chemistry Laboratory,LD,E 00002676,FA26:E 00002676,001-007-LA,lab,Joshua Figueroa,23,,class,M,Monday,,1:00pm,3:50pm,YORK,YORK 3224,0,0
FA26,CHEM,043A,CHEM 043A,Organic Chemistry Laboratory,LD,E 00002676,FA26:E 00002676,001-007-LA,lab,Joshua Figueroa,23,,class,W,Wednesday,,1:00pm,3:50pm,YORK,YORK 3224,0,0
FA26,CHEM,043A,CHEM 043A,Organic Chemistry Laboratory,LD,E 00001074,FA26:E 00001074,002-000-LE,lecture,Thomas Hermann,161,,class,F,Friday,,12:00pm,12:50pm,YORK,YORK 2622,0,0
FA26,CHEM,043A,CHEM 043A,Organic Chemistry Laboratory,LD,E 00001074,FA26:E 00001074,002-000-LE,lecture,Thomas Hermann,161,,midterm,S,Saturday,2026-10-31,10:00am,11:50am,PCYNH,PCYNH 106,0,0
FA26,CHEM,043A,CHEM 043A,Organic Chemistry Laboratory,LD,E 00001074,FA26:E 00001074,002-000-LE,lecture,Thomas Hermann,161,,final,S,Saturday,2026-12-05,11:30am,2:29pm,PCYNH,PCYNH 106,0,0
FA26,CHEM,043A,CHEM 043A,Organic Chemistry Laboratory,LD,E 00002677,FA26:E 00002677,002-001-LA,lab,Thomas Hermann,23,,class,R,Thursday,,8:00am,10:50am,YORK,YORK 1246,0,0
FA26,CHEM,043A,CHEM 043A,Organic Chemistry Laboratory,LD,E 00002677,FA26:E 00002677,002-001-LA,lab,Thomas Hermann,23,,class,T,Tuesday,,8:00am,10:50am,YORK,YORK 1246,0,0
FA26,CHEM,043A,CHEM 043A,Organic Chemistry Laboratory,LD,EL00002335,FA26:EL00002335,002-001-OT,ot,Thomas Hermann,161,,class,,,,tba,tba,tba,tba,0,1
FA26,CHEM,043A,CHEM 043A,Organic Chemistry Laboratory,LD,E 00002678,FA26:E 00002678,002-002-LA,lab,Thomas Hermann,23,,class,R,Thursday,,8:00am,10:50am,YORK,YORK 3108,0,0
FA26,CHEM,043A,CHEM 043A,Organic Chemistry Laboratory,LD,E 00002678,FA26:E 00002678,002-002-LA,lab,Thomas Hermann,23,,class,T,Tuesday,,8:00am,10:50am,YORK,YORK 3108,0,0
FA26,CHEM,043A,CHEM 043A,Organic Chemistry Laboratory,LD,E 00002679,FA26:E 00002679,002-003-LA,lab,Thomas Hermann,23,,class,R,Thursday,,8:00am,10:50am,YORK,YORK 3208,0,0
FA26,CHEM,043A,CHEM 043A,Organic Chemistry Laboratory,LD,E 00002679,FA26:E 00002679,002-003-LA,lab,Thomas Hermann,23,,class,T,Tuesday,,8:00am,10:50am,YORK,YORK 3208,0,0
FA26,CHEM,043A,CHEM 043A,Organic Chemistry Laboratory,LD,E 00002681,FA26:E 00002681,002-004-LA,lab,Thomas Hermann,23,,class,R,Thursday,,8:00am,10:50am,YORK,YORK 3224,0,0
FA26,CHEM,043A,CHEM 043A,Organic Chemistry Laboratory,LD,E 00002681,FA26:E 00002681,002-004-LA,lab,Thomas Hermann,23,,class,T,Tuesday,,8:00am,10:50am,YORK,YORK 3224,0,0
FA26,CHEM,043A,CHEM 043A,Organic Chemistry Laboratory,LD,E 00002682,FA26:E 00002682,002-005-LA,lab,Thomas Hermann,23,,class,R,Thursday,,8:00am,10:50am,YORK,YORK 4208,0,0
FA26,CHEM,043A,CHEM 043A,Organic Chemistry Laboratory,LD,E 00002682,FA26:E 00002682,002-005-LA,lab,Thomas Hermann,23,,class,T,Tuesday,,8:00am,10:50am,YORK,YORK 4208,0,0
FA26,CHEM,043A,CHEM 043A,Organic Chemistry Laboratory,LD,E 00002683,FA26:E 00002683,002-006-LA,lab,Thomas Hermann,23,,class,R,Thursday,,11:00am,1:50pm,YORK,YORK 1246,0,0
FA26,CHEM,043A,CHEM 043A,Organic Chemistry Laboratory,LD,E 00002683,FA26:E 00002683,002-006-LA,lab,Thomas Hermann,23,,class,T,Tuesday,,11:00am,1:50pm,YORK,YORK 1246,0,0
FA26,CHEM,043A,CHEM 043A,Organic Chemistry Laboratory,LD,E 00002684,FA26:E 00002684,002-007-LA,lab,Thomas Hermann,23,,class,R,Thursday,,11:00am,1:50pm,YORK,YORK 3108,0,0
FA26,CHEM,043A,CHEM 043A,Organic Chemistry Laboratory,LD,E 00002684,FA26:E 00002684,002-007-LA,lab,Thomas Hermann,23,,class,T,Tuesday,,11:00am,1:50pm,YORK,YORK 3108,0,0
FA26,CHEM,043A,CHEM 043A,Organic Chemistry Laboratory,LD,E 00001075,FA26:E 00001075,003-000-LE,lecture,Emmanuel Theodorakis,161,,class,M,Monday,,9:00am,9:50am,YORK,YORK 2622,0,0
FA26,CHEM,043A,CHEM 043A,Organic Chemistry Laboratory,LD,E 00001075,FA26:E 00001075,003-000-LE,lecture,Emmanuel Theodorakis,161,,midterm,S,Saturday,2026-10-31,10:00am,11:50am,PCYNH,PCYNH 109,0,0
FA26,CHEM,043A,CHEM 043A,Organic Chemistry Laboratory,LD,E 00001075,FA26:E 00001075,003-000-LE,lecture,Emmanuel Theodorakis,161,,final,S,Saturday,2026-12-05,11:30am,2:29pm,PCYNH,PCYNH 109,0,0
FA26,CHEM,043A,CHEM 043A,Organic Chemistry Laboratory,LD,E 00002685,FA26:E 00002685,003-001-LA,lab,Emmanuel Theodorakis,23,,class,R,Thursday,,11:00am,1:50pm,YORK,YORK 3208,0,0
FA26,CHEM,043A,CHEM 043A,Organic Chemistry Laboratory,LD,E 00002685,FA26:E 00002685,003-001-LA,lab,Emmanuel Theodorakis,23,,class,T,Tuesday,,11:00am,1:50pm,YORK,YORK 3208,0,0
FA26,CHEM,043A,CHEM 043A,Organic Chemistry Laboratory,LD,EL00002336,FA26:EL00002336,003-001-OT,ot,Emmanuel Theodorakis,161,,class,,,,tba,tba,tba,tba,0,1
FA26,CHEM,043A,CHEM 043A,Organic Chemistry Laboratory,LD,E 00002686,FA26:E 00002686,003-002-LA,lab,Emmanuel Theodorakis,23,,class,R,Thursday,,11:00am,1:50pm,YORK,YORK 3224,0,0
FA26,CHEM,043A,CHEM 043A,Organic Chemistry Laboratory,LD,E 00002686,FA26:E 00002686,003-002-LA,lab,Emmanuel Theodorakis,23,,class,T,Tuesday,,11:00am,1:50pm,YORK,YORK 3224,0,0
FA26,CHEM,043A,CHEM 043A,Organic Chemistry Laboratory,LD,E 00002687,FA26:E 00002687,003-003-LA,lab,Emmanuel Theodorakis,23,,class,R,Thursday,,11:00am,1:50pm,YORK,YORK 4208,0,0
FA26,CHEM,043A,CHEM 043A,Organic Chemistry Laboratory,LD,E 00002687,FA26:E 00002687,003-003-LA,lab,Emmanuel Theodorakis,23,,class,T,Tuesday,,11:00am,1:50pm,YORK,YORK 4208,0,0
FA26,CHEM,043A,CHEM 043A,Organic Chemistry Laboratory,LD,E 00002688,FA26:E 00002688,003-004-LA,lab,Emmanuel Theodorakis,23,,class,R,Thursday,,2:00pm,4:50pm,YORK,YORK 3108,0,0
FA26,CHEM,043A,CHEM 043A,Organic Chemistry Laboratory,LD,E 00002688,FA26:E 00002688,003-004-LA,lab,Emmanuel Theodorakis,23,,class,T,Tuesday,,2:00pm,4:50pm,YORK,YORK 3108,0,0
FA26,CHEM,043A,CHEM 043A,Organic Chemistry Laboratory,LD,E 00002689,FA26:E 00002689,003-005-LA,lab,Emmanuel Theodorakis,23,,class,R,Thursday,,2:00pm,4:50pm,YORK,YORK 3208,0,0
FA26,CHEM,043A,CHEM 043A,Organic Chemistry Laboratory,LD,E 00002689,FA26:E 00002689,003-005-LA,lab,Emmanuel Theodorakis,23,,class,T,Tuesday,,2:00pm,4:50pm,YORK,YORK 3208,0,0
FA26,CHEM,043A,CHEM 043A,Organic Chemistry Laboratory,LD,E 00002690,FA26:E 00002690,003-006-LA,lab,Emmanuel Theodorakis,23,,class,R,Thursday,,2:00pm,4:50pm,YORK,YORK 3224,0,0
FA26,CHEM,043A,CHEM 043A,Organic Chemistry Laboratory,LD,E 00002690,FA26:E 00002690,003-006-LA,lab,Emmanuel Theodorakis,23,,class,T,Tuesday,,2:00pm,4:50pm,YORK,YORK 3224,0,0
FA26,CHEM,043A,CHEM 043A,Organic Chemistry Laboratory,LD,E 00002691,FA26:E 00002691,003-007-LA,lab,Emmanuel Theodorakis,23,,class,R,Thursday,,2:00pm,4:50pm,YORK,YORK 4208,0,0
FA26,CHEM,043A,CHEM 043A,Organic Chemistry Laboratory,LD,E 00002691,FA26:E 00002691,003-007-LA,lab,Emmanuel Theodorakis,23,,class,T,Tuesday,,2:00pm,4:50pm,YORK,YORK 4208,0,0
FA26,CHEM,087,CHEM 087,Freshman Seminar,LD,E 00002606,FA26:E 00002606,001-000-SE,se,Kent Griffith,20,,class,F,Friday,,3:00pm,3:50pm,NSB,NSB 3211,0,0
FA26,CHEM,096,CHEM 096,Introductn to Teaching Science,LD,E 00003696,FA26:E 00003696,001-000-SE,se,Thomas Bussey,2,,class,W,Wednesday,,1:00pm,2:50pm,NSB,NSB 3211,0,0
FA26,CHEM,100A,CHEM 100A,Analytical Chemistry Lab,UD,E 00001076,FA26:E 00001076,001-000-LE,lecture,Shaowei Li,144,,class,M,Monday,,12:00pm,12:50pm,CENTR,CENTR 113,0,0
FA26,CHEM,100A,CHEM 100A,Analytical Chemistry Lab,UD,E 00001076,FA26:E 00001076,001-000-LE,lecture,Shaowei Li,144,,class,W,Wednesday,,12:00pm,12:50pm,CENTR,CENTR 113,0,0
FA26,CHEM,100A,CHEM 100A,Analytical Chemistry Lab,UD,E 00001076,FA26:E 00001076,001-000-LE,lecture,Shaowei Li,144,,final,R,Thursday,2026-12-10,11:30am,2:29pm,CENTR,CENTR 113,0,0
FA26,CHEM,100A,CHEM 100A,Analytical Chemistry Lab,UD,E 00002607,FA26:E 00002607,001-001-LA,lab,Shaowei Li,24,,class,M,Monday,,9:00am,11:50am,NSB,NSB 2311,0,0
FA26,CHEM,100A,CHEM 100A,Analytical Chemistry Lab,UD,E 00002607,FA26:E 00002607,001-001-LA,lab,Shaowei Li,24,,class,W,Wednesday,,9:00am,11:50am,NSB,NSB 2311,0,0
FA26,CHEM,100A,CHEM 100A,Analytical Chemistry Lab,UD,E 00002608,FA26:E 00002608,001-002-LA,lab,Shaowei Li,24,,class,M,Monday,,9:00am,11:50am,NSB,NSB 2319,0,0
FA26,CHEM,100A,CHEM 100A,Analytical Chemistry Lab,UD,E 00002608,FA26:E 00002608,001-002-LA,lab,Shaowei Li,24,,class,W,Wednesday,,9:00am,11:50am,NSB,NSB 2319,0,0
FA26,CHEM,100A,CHEM 100A,Analytical Chemistry Lab,UD,E 00002609,FA26:E 00002609,001-003-LA,lab,Shaowei Li,24,,class,M,Monday,,1:00pm,3:50pm,NSB,NSB 2311,0,0
FA26,CHEM,100A,CHEM 100A,Analytical Chemistry Lab,UD,E 00002609,FA26:E 00002609,001-003-LA,lab,Shaowei Li,24,,class,W,Wednesday,,1:00pm,3:50pm,NSB,NSB 2311,0,0
FA26,CHEM,100A,CHEM 100A,Analytical Chemistry Lab,UD,E 00002610,FA26:E 00002610,001-004-LA,lab,Shaowei Li,24,,class,M,Monday,,1:00pm,3:50pm,NSB,NSB 2319,0,0
FA26,CHEM,100A,CHEM 100A,Analytical Chemistry Lab,UD,E 00002610,FA26:E 00002610,001-004-LA,lab,Shaowei Li,24,,class,W,Wednesday,,1:00pm,3:50pm,NSB,NSB 2319,0,0
FA26,CHEM,100A,CHEM 100A,Analytical Chemistry Lab,UD,E 00002611,FA26:E 00002611,001-005-LA,lab,Shaowei Li,24,,class,R,Thursday,,9:30am,12:20pm,NSB,NSB 2311,0,0
FA26,CHEM,100A,CHEM 100A,Analytical Chemistry Lab,UD,E 00002611,FA26:E 00002611,001-005-LA,lab,Shaowei Li,24,,class,T,Tuesday,,9:30am,12:20pm,NSB,NSB 2311,0,0
FA26,CHEM,100A,CHEM 100A,Analytical Chemistry Lab,UD,E 00002612,FA26:E 00002612,001-006-LA,lab,Shaowei Li,24,,class,R,Thursday,,9:30am,12:20pm,NSB,NSB 2319,0,0
FA26,CHEM,100A,CHEM 100A,Analytical Chemistry Lab,UD,E 00002612,FA26:E 00002612,001-006-LA,lab,Shaowei Li,24,,class,T,Tuesday,,9:30am,12:20pm,NSB,NSB 2319,0,0
FA26,CHEM,108,CHEM 108,Protein Biochemistry Lab,UD,E 00002613,FA26:E 00002613,001-000-LE,lecture,Gourisankar Ghosh,96,,class,M,Monday,,9:00am,9:50am,NSB,NSB 2303,0,0
FA26,CHEM,108,CHEM 108,Protein Biochemistry Lab,UD,E 00002614,FA26:E 00002614,001-001-LA,lab,Gourisankar Ghosh,24,,class,M,Monday,,12:00pm,3:50pm,NSB,NSB 1103,0,0
FA26,CHEM,108,CHEM 108,Protein Biochemistry Lab,UD,E 00002614,FA26:E 00002614,001-001-LA,lab,Gourisankar Ghosh,24,,class,W,Wednesday,,12:00pm,3:50pm,NSB,NSB 1103,0,0
FA26,CHEM,108,CHEM 108,Protein Biochemistry Lab,UD,E 00002615,FA26:E 00002615,001-002-LA,lab,Gourisankar Ghosh,24,,class,M,Monday,,12:00pm,3:50pm,NSB,NSB 1111,0,0
FA26,CHEM,108,CHEM 108,Protein Biochemistry Lab,UD,E 00002615,FA26:E 00002615,001-002-LA,lab,Gourisankar Ghosh,24,,class,W,Wednesday,,12:00pm,3:50pm,NSB,NSB 1111,0,0
FA26,CHEM,108,CHEM 108,Protein Biochemistry Lab,UD,E 00002616,FA26:E 00002616,001-003-LA,lab,Gourisankar Ghosh,24,,class,R,Thursday,,12:30pm,4:20pm,NSB,NSB 1103,0,0
FA26,CHEM,108,CHEM 108,Protein Biochemistry Lab,UD,E 00002616,FA26:E 00002616,001-003-LA,lab,Gourisankar Ghosh,24,,class,T,Tuesday,,12:30pm,4:20pm,NSB,NSB 1103,0,0
FA26,CHEM,108,CHEM 108,Protein Biochemistry Lab,UD,E 00002617,FA26:E 00002617,001-004-LA,lab,Gourisankar Ghosh,24,,class,R,Thursday,,12:30pm,4:20pm,NSB,NSB 1111,0,0
FA26,CHEM,108,CHEM 108,Protein Biochemistry Lab,UD,E 00002617,FA26:E 00002617,001-004-LA,lab,Gourisankar Ghosh,24,,class,T,Tuesday,,12:30pm,4:20pm,NSB,NSB 1111,0,0
FA26,CHEM,109,CHEM 109,Recombinant DNA Laboratory,UD,E 00002618,FA26:E 00002618,001-000-LE,lecture,Ulrich Muller,96,,class,M,Monday,,10:00am,10:50am,NSB,NSB 2303,0,0
FA26,CHEM,109,CHEM 109,Recombinant DNA Laboratory,UD,E 00002619,FA26:E 00002619,001-001-LA,lab,Ulrich Muller,24,,class,M,Monday,,12:00pm,3:50pm,NSB,NSB 1311,0,0
FA26,CHEM,109,CHEM 109,Recombinant DNA Laboratory,UD,E 00002619,FA26:E 00002619,001-001-LA,lab,Ulrich Muller,24,,class,W,Wednesday,,12:00pm,3:50pm,NSB,NSB 1311,0,0
FA26,CHEM,109,CHEM 109,Recombinant DNA Laboratory,UD,E 00002620,FA26:E 00002620,001-002-LA,lab,Ulrich Muller,24,,class,M,Monday,,12:00pm,3:50pm,NSB,NSB 1319,0,0
FA26,CHEM,109,CHEM 109,Recombinant DNA Laboratory,UD,E 00002620,FA26:E 00002620,001-002-LA,lab,Ulrich Muller,24,,class,W,Wednesday,,12:00pm,3:50pm,NSB,NSB 1319,0,0
FA26,CHEM,109,CHEM 109,Recombinant DNA Laboratory,UD,E 00002621,FA26:E 00002621,001-003-LA,lab,Ulrich Muller,24,,class,R,Thursday,,12:30pm,4:20pm,NSB,NSB 1311,0,0
FA26,CHEM,109,CHEM 109,Recombinant DNA Laboratory,UD,E 00002621,FA26:E 00002621,001-003-LA,lab,Ulrich Muller,24,,class,T,Tuesday,,12:30pm,4:20pm,NSB,NSB 1311,0,0
FA26,CHEM,109,CHEM 109,Recombinant DNA Laboratory,UD,E 00002622,FA26:E 00002622,001-004-LA,lab,Ulrich Muller,24,,class,R,Thursday,,12:30pm,4:20pm,NSB,NSB 1319,0,0
FA26,CHEM,109,CHEM 109,Recombinant DNA Laboratory,UD,E 00002622,FA26:E 00002622,001-004-LA,lab,Ulrich Muller,24,,class,T,Tuesday,,12:30pm,4:20pm,NSB,NSB 1319,0,0
FA26,CHEM,114A,CHEM 114A,Biochemical Structure&Function,UD,E 00001077,FA26:E 00001077,001-000-LE,lecture,Navtej Toor,120,,class,R,Thursday,,9:30am,10:50am,YORK,YORK 2622,0,0
FA26,CHEM,114A,CHEM 114A,Biochemical Structure&Function,UD,E 00001077,FA26:E 00001077,001-000-LE,lecture,Navtej Toor,120,,class,T,Tuesday,,9:30am,10:50am,YORK,YORK 2622,0,0
FA26,CHEM,114A,CHEM 114A,Biochemical Structure&Function,UD,E 00001077,FA26:E 00001077,001-000-LE,lecture,Navtej Toor,120,,final,R,Thursday,2026-12-10,8:00am,10:59am,YORK,YORK 2622,0,0
FA26,CHEM,114A,CHEM 114A,Biochemical Structure&Function,UD,E 00002558,FA26:E 00002558,001-001-DI,discussion,Navtej Toor,30,,class,F,Friday,,8:00am,8:50am,SOLIS,SOLIS 109,0,0
FA26,CHEM,114A,CHEM 114A,Biochemical Structure&Function,UD,E 00002559,FA26:E 00002559,001-002-DI,discussion,Navtej Toor,30,,class,F,Friday,,9:00am,9:50am,SOLIS,SOLIS 109,0,0
FA26,CHEM,114A,CHEM 114A,Biochemical Structure&Function,UD,E 00002560,FA26:E 00002560,001-003-DI,discussion,Navtej Toor,30,,class,F,Friday,,10:00am,10:50am,SOLIS,SOLIS 109,0,0
FA26,CHEM,114A,CHEM 114A,Biochemical Structure&Function,UD,E 00002561,FA26:E 00002561,001-004-DI,discussion,Navtej Toor,30,,class,F,Friday,,11:00am,11:50am,SOLIS,SOLIS 109,0,0
FA26,CHEM,114A,CHEM 114A,Biochemical Structure&Function,UD,E 00001078,FA26:E 00001078,002-000-LE,lecture,Alex Guseman,120,,class,F,Friday,,10:00am,10:50am,YORK,YORK 2622,0,0
FA26,CHEM,114A,CHEM 114A,Biochemical Structure&Function,UD,E 00001078,FA26:E 00001078,002-000-LE,lecture,Alex Guseman,120,,class,M,Monday,,10:00am,10:50am,YORK,YORK 2622,0,0
FA26,CHEM,114A,CHEM 114A,Biochemical Structure&Function,UD,E 00001078,FA26:E 00001078,002-000-LE,lecture,Alex Guseman,120,,class,W,Wednesday,,10:00am,10:50am,YORK,YORK 2622,0,0
FA26,CHEM,114A,CHEM 114A,Biochemical Structure&Function,UD,E 00001078,FA26:E 00001078,002-000-LE,lecture,Alex Guseman,120,,final,F,Friday,2026-12-11,8:00am,10:59am,YORK,YORK 2622,0,0
FA26,CHEM,114A,CHEM 114A,Biochemical Structure&Function,UD,E 00002562,FA26:E 00002562,002-001-DI,discussion,Alex Guseman,30,,class,W,Wednesday,,8:00am,8:50am,SOLIS,SOLIS 109,0,0
FA26,CHEM,114A,CHEM 114A,Biochemical Structure&Function,UD,E 00002563,FA26:E 00002563,002-002-DI,discussion,Alex Guseman,30,,class,W,Wednesday,,9:00am,9:50am,SOLIS,SOLIS 109,0,0
FA26,CHEM,114A,CHEM 114A,Biochemical Structure&Function,UD,E 00002564,FA26:E 00002564,002-003-DI,discussion,Alex Guseman,30,,class,F,Friday,,12:00pm,12:50pm,SOLIS,SOLIS 109,0,0
FA26,CHEM,114A,CHEM 114A,Biochemical Structure&Function,UD,E 00002565,FA26:E 00002565,002-004-DI,discussion,Alex Guseman,30,,class,F,Friday,,1:00pm,1:50pm,SOLIS,SOLIS 109,0,0
FA26,CHEM,116,CHEM 116,Chemical Biology,UD,E 00001080,FA26:E 00001080,001-000-LE,lecture,Kamil Godula,120,,class,R,Thursday,,5:00pm,6:20pm,PCYNH,PCYNH 106,0,0
FA26,CHEM,116,CHEM 116,Chemical Biology,UD,E 00001080,FA26:E 00001080,001-000-LE,lecture,Kamil Godula,120,,class,T,Tuesday,,5:00pm,6:20pm,PCYNH,PCYNH 106,0,0
FA26,CHEM,116,CHEM 116,Chemical Biology,UD,E 00001080,FA26:E 00001080,001-000-LE,lecture,Kamil Godula,120,,final,F,Friday,2026-12-11,7:00pm,9:59pm,PCYNH,PCYNH 106,0,0
FA26,CHEM,116,CHEM 116,Chemical Biology,UD,E 00002500,FA26:E 00002500,001-001-DI,discussion,Kamil Godula,40,,class,W,Wednesday,,12:00pm,12:50pm,WLH,WLH 2209,0,0
FA26,CHEM,116,CHEM 116,Chemical Biology,UD,E 00002501,FA26:E 00002501,001-002-DI,discussion,Kamil Godula,40,,class,W,Wednesday,,1:00pm,1:50pm,WLH,WLH 2209,0,0
FA26,CHEM,116,CHEM 116,Chemical Biology,UD,E 00002502,FA26:E 00002502,001-003-DI,discussion,Kamil Godula,40,,class,W,Wednesday,,2:00pm,2:50pm,WLH,WLH 2209,0,0
FA26,CHEM,117,CHEM 117,Biomed Res in Hlth Disparities,UD,E 00001081,FA26:E 00001081,001-000-LE,lecture,Lisa Jones,100,,class,R,Thursday,,8:00am,9:20am,PODEM,PODEM 1A20,0,0
FA26,CHEM,117,CHEM 117,Biomed Res in Hlth Disparities,UD,E 00001081,FA26:E 00001081,001-000-LE,lecture,Lisa Jones,100,,class,T,Tuesday,,8:00am,9:20am,PODEM,PODEM 1A20,0,0
FA26,CHEM,126A,CHEM 126A,Phys Biochem: Thermodynamics,UD,E 00001082,FA26:E 00001082,001-000-LE,lecture,Christopher Obara,210,,class,F,Friday,,11:00am,11:50am,FAH,FAH 1301,0,0
FA26,CHEM,126A,CHEM 126A,Phys Biochem: Thermodynamics,UD,E 00001082,FA26:E 00001082,001-000-LE,lecture,Christopher Obara,210,,class,M,Monday,,11:00am,11:50am,FAH,FAH 1301,0,0
FA26,CHEM,126A,CHEM 126A,Phys Biochem: Thermodynamics,UD,E 00001082,FA26:E 00001082,001-000-LE,lecture,Christopher Obara,210,,class,W,Wednesday,,11:00am,11:50am,FAH,FAH 1301,0,0
FA26,CHEM,126A,CHEM 126A,Phys Biochem: Thermodynamics,UD,E 00001082,FA26:E 00001082,001-000-LE,lecture,Christopher Obara,210,,final,T,Tuesday,2026-12-08,11:30am,2:29pm,FAH,FAH 1301,0,0
FA26,CHEM,126A,CHEM 126A,Phys Biochem: Thermodynamics,UD,E 00002550,FA26:E 00002550,001-001-DI,discussion,Christopher Obara,35,,class,M,Monday,,8:00am,8:50am,SOLIS,SOLIS 109,0,0
FA26,CHEM,126A,CHEM 126A,Phys Biochem: Thermodynamics,UD,E 00002551,FA26:E 00002551,001-002-DI,discussion,Christopher Obara,35,,class,M,Monday,,9:00am,9:50am,SOLIS,SOLIS 109,0,0
FA26,CHEM,126A,CHEM 126A,Phys Biochem: Thermodynamics,UD,E 00002552,FA26:E 00002552,001-003-DI,discussion,Christopher Obara,35,,class,M,Monday,,10:00am,10:50am,SOLIS,SOLIS 109,0,0
FA26,CHEM,126A,CHEM 126A,Phys Biochem: Thermodynamics,UD,E 00002553,FA26:E 00002553,001-004-DI,discussion,Christopher Obara,35,,class,F,Friday,,4:00pm,4:50pm,SOLIS,SOLIS 109,0,0
FA26,CHEM,126A,CHEM 126A,Phys Biochem: Thermodynamics,UD,E 00002554,FA26:E 00002554,001-005-DI,discussion,Christopher Obara,35,,class,F,Friday,,5:00pm,5:50pm,SOLIS,SOLIS 109,0,0
FA26,CHEM,126A,CHEM 126A,Phys Biochem: Thermodynamics,UD,E 00002555,FA26:E 00002555,001-006-DI,discussion,Christopher Obara,35,,class,F,Friday,,6:00pm,6:50pm,SOLIS,SOLIS 109,0,0
FA26,CHEM,130,CHEM 130,Chem Physics: Quantum Mech,UD,E 00001083,FA26:E 00001083,001-000-LE,lecture,Haiwang Yong,70,,class,R,Thursday,,2:00pm,3:20pm,COA,COA 127,0,0
FA26,CHEM,130,CHEM 130,Chem Physics: Quantum Mech,UD,E 00001083,FA26:E 00001083,001-000-LE,lecture,Haiwang Yong,70,,class,T,Tuesday,,2:00pm,3:20pm,COA,COA 127,0,0
FA26,CHEM,130,CHEM 130,Chem Physics: Quantum Mech,UD,E 00001083,FA26:E 00001083,001-000-LE,lecture,Haiwang Yong,70,,final,R,Thursday,2026-12-10,3:00pm,5:59pm,COA,COA 127,0,0
FA26,CHEM,130,CHEM 130,Chem Physics: Quantum Mech,UD,E 00002528,FA26:E 00002528,001-001-DI,discussion,Haiwang Yong,35,,class,M,Monday,,12:00pm,12:50pm,HSS,HSS 1128A,0,0
FA26,CHEM,130,CHEM 130,Chem Physics: Quantum Mech,UD,E 00002529,FA26:E 00002529,001-002-DI,discussion,Haiwang Yong,35,,class,M,Monday,,1:00pm,1:50pm,HSS,HSS 1128A,0,0
FA26,CHEM,143B,CHEM 143B,Organic Chemistry Lab II,UD,E 00002623,FA26:E 00002623,001-000-LE,lecture,Jeremy Klosterman,72,,class,M,Monday,,4:00pm,4:50pm,NSB,NSB 2303,0,0
FA26,CHEM,143B,CHEM 143B,Organic Chemistry Lab II,UD,E 00002623,FA26:E 00002623,001-000-LE,lecture,Jeremy Klosterman,72,,final,T,Tuesday,2026-12-08,3:00pm,5:59pm,NSB,NSB 2303,0,0
FA26,CHEM,143B,CHEM 143B,Organic Chemistry Lab II,UD,E 00002624,FA26:E 00002624,001-001-LA,lab,Jeremy Klosterman,24,,class,M,Monday,,9:00am,11:50am,TATA,TATA 3303,0,0
FA26,CHEM,143B,CHEM 143B,Organic Chemistry Lab II,UD,E 00002624,FA26:E 00002624,001-001-LA,lab,Jeremy Klosterman,24,,class,W,Wednesday,,9:00am,11:50am,TATA,TATA 3303,0,0
FA26,CHEM,143B,CHEM 143B,Organic Chemistry Lab II,UD,EL00002328,FA26:EL00002328,001-001-OT,ot,Jeremy Klosterman,72,,class,,,,tba,tba,tba,tba,0,1
FA26,CHEM,143B,CHEM 143B,Organic Chemistry Lab II,UD,E 00002625,FA26:E 00002625,001-002-LA,lab,Jeremy Klosterman,24,,class,M,Monday,,12:00pm,2:50pm,TATA,TATA 3302,0,0
FA26,CHEM,143B,CHEM 143B,Organic Chemistry Lab II,UD,E 00002625,FA26:E 00002625,001-002-LA,lab,Jeremy Klosterman,24,,class,W,Wednesday,,12:00pm,2:50pm,TATA,TATA 3302,0,0
FA26,CHEM,152,CHEM 152,Synthetic Methods/Organic Chem,UD,E 00001085,FA26:E 00001085,001-000-LE,lecture,Valerie Schmidt,40,,class,R,Thursday,,9:30am,10:50am,COA,COA B27,0,0
FA26,CHEM,152,CHEM 152,Synthetic Methods/Organic Chem,UD,E 00001085,FA26:E 00001085,001-000-LE,lecture,Valerie Schmidt,40,,class,T,Tuesday,,9:30am,10:50am,COA,COA B27,0,0
FA26,CHEM,152,CHEM 152,Synthetic Methods/Organic Chem,UD,E 00001085,FA26:E 00001085,001-000-LE,lecture,Valerie Schmidt,40,,final,R,Thursday,2026-12-10,8:00am,10:59am,COA,COA B27,0,0
FA26,CHEM,163,CHEM 163,Intro to Mass Spectrometry,UD,E 00001086,FA26:E 00001086,001-000-LE,lecture,Lisa Jones,20,,class,R,Thursday,,12:30pm,1:50pm,NSB,NSB 2303,0,0
FA26,CHEM,163,CHEM 163,Intro to Mass Spectrometry,UD,E 00001086,FA26:E 00001086,001-000-LE,lecture,Lisa Jones,20,,class,T,Tuesday,,12:30pm,1:50pm,NSB,NSB 2303,0,0
FA26,CHEM,171,CHEM 171,Environmental Chemistry I,UD,E 00001087,FA26:E 00001087,001-000-LE,lecture,Mark Young,80,,class,F,Friday,,9:00am,9:50am,PODEM,PODEM 1A18,0,0
FA26,CHEM,171,CHEM 171,Environmental Chemistry I,UD,E 00001087,FA26:E 00001087,001-000-LE,lecture,Mark Young,80,,class,M,Monday,,9:00am,9:50am,PODEM,PODEM 1A18,0,0
FA26,CHEM,171,CHEM 171,Environmental Chemistry I,UD,E 00001087,FA26:E 00001087,001-000-LE,lecture,Mark Young,80,,class,W,Wednesday,,9:00am,9:50am,PODEM,PODEM 1A18,0,0
FA26,CHEM,171,CHEM 171,Environmental Chemistry I,UD,E 00001087,FA26:E 00001087,001-000-LE,lecture,Mark Young,80,,final,W,Wednesday,2026-12-09,8:00am,10:59am,PODEM,PODEM 1A18,0,0
FA26,CHEM,171,CHEM 171,Environmental Chemistry I,UD,E 00002556,FA26:E 00002556,001-001-DI,discussion,Mark Young,40,,class,F,Friday,,2:00pm,2:50pm,SOLIS,SOLIS 109,0,0
FA26,CHEM,171,CHEM 171,Environmental Chemistry I,UD,E 00002557,FA26:E 00002557,001-002-DI,discussion,Mark Young,40,,class,F,Friday,,3:00pm,3:50pm,SOLIS,SOLIS 109,0,0
FA26,CHEM,209,CHEM 209,Macromolecular Recognition,GR,E 00001088,FA26:E 00001088,001-000-LE,lecture,Navtej Toor,40,,class,R,Thursday,,11:00am,12:20pm,YORK,YORK 4080A,0,0
FA26,CHEM,209,CHEM 209,Macromolecular Recognition,GR,E 00001088,FA26:E 00001088,001-000-LE,lecture,Navtej Toor,40,,class,T,Tuesday,,11:00am,12:20pm,YORK,YORK 4080A,0,0
FA26,CHEM,209,CHEM 209,Macromolecular Recognition,GR,E 00001088,FA26:E 00001088,001-000-LE,lecture,Navtej Toor,40,,final,W,Wednesday,2026-12-09,11:30am,2:29pm,YORK,YORK 4080A,0,0
FA26,CHEM,213A,CHEM 213A,Struct Biomolecule Assemblies,GR,E 00002627,FA26:E 00002627,001-000-LE,lecture,Alex Guseman,50,,class,R,Thursday,,9:30am,10:50am,NSB,NSB 2303,0,0
FA26,CHEM,213A,CHEM 213A,Struct Biomolecule Assemblies,GR,E 00002627,FA26:E 00002627,001-000-LE,lecture,Alex Guseman,50,,class,T,Tuesday,,9:30am,10:50am,NSB,NSB 2303,0,0
FA26,CHEM,216,CHEM 216,Chemical Biology,GR,E 00001090,FA26:E 00001090,001-000-LE,lecture,Kamil Godula,30,,class,R,Thursday,,5:00pm,6:20pm,PCYNH,PCYNH 106,0,0
FA26,CHEM,216,CHEM 216,Chemical Biology,GR,E 00001090,FA26:E 00001090,001-000-LE,lecture,Kamil Godula,30,,class,T,Tuesday,,5:00pm,6:20pm,PCYNH,PCYNH 106,0,0
FA26,CHEM,216,CHEM 216,Chemical Biology,GR,E 00001090,FA26:E 00001090,001-000-LE,lecture,Kamil Godula,30,,final,F,Friday,2026-12-11,7:00pm,9:59pm,PCYNH,PCYNH 106,0,0
FA26,CHEM,219A,CHEM 219A,Special Topics in Biochemistry,GR,E 00002628,FA26:E 00002628,001-000-LE,lecture,Alexis Komor,45,,class,R,Thursday,,11:00am,12:20pm,NSB,NSB 2303,0,0
FA26,CHEM,219A,CHEM 219A,Special Topics in Biochemistry,GR,E 00002628,FA26:E 00002628,001-000-LE,lecture,Alexis Komor,45,,class,T,Tuesday,,11:00am,12:20pm,NSB,NSB 2303,0,0
FA26,CHEM,219A,CHEM 219A,Special Topics in Biochemistry,GR,E 00002628,FA26:E 00002628,001-000-LE,lecture,Alexis Komor,45,,final,W,Wednesday,2026-12-09,11:30am,2:29pm,NSB,NSB 2303,0,0
FA26,CHEM,222,CHEM 222,Structure & Analysis of Solids,GR,E 00002419,FA26:E 00002419,001-000-LE,lecture,Olivia Graeve,8,,class,M,Monday,,7:30am,8:50am,FAH,FAH 1101,0,0
FA26,CHEM,222,CHEM 222,Structure & Analysis of Solids,GR,E 00002419,FA26:E 00002419,001-000-LE,lecture,Olivia Graeve,8,,class,W,Wednesday,,7:30am,8:50am,FAH,FAH 1101,0,0
FA26,CHEM,222,CHEM 222,Structure & Analysis of Solids,GR,E 00002419,FA26:E 00002419,001-000-LE,lecture,Olivia Graeve,8,,final,M,Monday,2026-12-07,8:00am,10:59am,FAH,FAH 1101,0,0
FA26,CHEM,223,CHEM 223,Organometallic Chemistry,GR,E 00001091,FA26:E 00001091,001-000-LE,lecture,Joseph O'Connor,30,,class,R,Thursday,,2:00pm,3:20pm,PACIF,PACIF 4500,0,0
FA26,CHEM,223,CHEM 223,Organometallic Chemistry,GR,E 00001091,FA26:E 00001091,001-000-LE,lecture,Joseph O'Connor,30,,class,T,Tuesday,,2:00pm,3:20pm,PACIF,PACIF 4500,0,0
FA26,CHEM,223,CHEM 223,Organometallic Chemistry,GR,E 00001091,FA26:E 00001091,001-000-LE,lecture,Joseph O'Connor,30,,final,R,Thursday,2026-12-10,3:00pm,5:59pm,PACIF,PACIF 4500,0,0
FA26,CHEM,224,CHEM 224,Spectroscopic Tech/Organmetalc,GR,E 00002629,FA26:E 00002629,001-000-LE,lecture,Jeffrey Rinehart,20,,class,R,Thursday,,12:30pm,1:50pm,NSB,NSB 3211,0,0
FA26,CHEM,224,CHEM 224,Spectroscopic Tech/Organmetalc,GR,E 00002629,FA26:E 00002629,001-000-LE,lecture,Jeffrey Rinehart,20,,class,T,Tuesday,,12:30pm,1:50pm,NSB,NSB 3211,0,0
FA26,CHEM,224,CHEM 224,Spectroscopic Tech/Organmetalc,GR,E 00002629,FA26:E 00002629,001-000-LE,lecture,Jeffrey Rinehart,20,,final,F,Friday,2026-12-11,11:30am,2:29pm,NSB,NSB 3211,0,0
FA26,CHEM,227,CHEM 227,Seminar/Inorganic Chemistry,GR,E 00002630,FA26:E 00002630,001-000-SE,se,,30,,class,F,Friday,,11:00am,12:20pm,PACIF,PACIF 4500,0,0
FA26,CHEM,231,CHEM 231,Chem Kinetics&Mole Reactn Dynm,GR,E 00002631,FA26:E 00002631,001-000-LE,lecture,Haiwang Yong,20,,class,F,Friday,,2:00pm,2:50pm,NSB,NSB 2303,0,0
FA26,CHEM,231,CHEM 231,Chem Kinetics&Mole Reactn Dynm,GR,E 00002631,FA26:E 00002631,001-000-LE,lecture,Haiwang Yong,20,,class,M,Monday,,2:00pm,2:50pm,NSB,NSB 2303,0,0
FA26,CHEM,231,CHEM 231,Chem Kinetics&Mole Reactn Dynm,GR,E 00002631,FA26:E 00002631,001-000-LE,lecture,Haiwang Yong,20,,class,W,Wednesday,,2:00pm,2:50pm,NSB,NSB 2303,0,0
